Name,Verification_Code,Is_Default,SerialCard_Number
Kimberly Vargas,4464809438884,N,53537906309888
Jason Willis,639071375815,Y,266276586504684
Shane Young,4007836223165,Y,95636951825937
Randy Matthews,30027132160216,Y,268289601048264
Gregory Deleon,213105323678946,N,155783305282005
Pamela Stewart,3509716619008965,N,266230332550718
Amanda Miller,5291046251069936,N,82997399538447
Marc Grant,3537526569714082,N,238959813247434
Jacob Odom,4065956594690,N,135526154071307
Christopher Baker,344677260193503,Y,19726680886003
Gabrielle Walters,4387166340404122,N,279520956123665
Dawn Price,4942459483380136,Y,249877109442212
Natalie Atkins,4125596616069313769,N,192747194265794
Kimberly Henry,3573312339928418,Y,163585941596646
Antonio Harris DDS,4936075631280620876,Y,189116260554065
Randy Esparza,676251827819,N,238590978793443
Stephen Jimenez,6011463389694005,N,66156385898887
Adam Wheeler,30032696399424,Y,32477521300478
Eric Barnett,4348902940149123,N,100232835511706
Derek Ward,3514659080705441,Y,65970638381416
John Jacobson,349137636026650,N,170503241640574
Christopher Guzman,6011496404216446,Y,169700227401773
Jennifer Mckenzie,639098611994,Y,276586488842855
Joel Porter MD,180022024223238,N,204783051073597
