Customer_ID,Email_Address,Date_of_Birth,Building_NameNumber,Street,City,Country,Postcode,Phone_Number,Password,Name
1,ashleypham@example.org,1943-08-01,77763,Tony Village,Reynoldstown,Qatar,58878,839-215-0008x063,v(3cYouItu,Valerie Mason
2,qromero@example.org,1950-02-26,9786,Timothy Summit,Perryburgh,Haiti,72433,001-951-278-1286x570,H0Py9SpsQ%,Lisa Daniel
3,vbowers@example.net,1926-06-17,,Ronald Centers,Bergshire,Micronesia,26694,267.556.5088x99579,1_S2R#v^qs,Dylan Jackson
4,alison24@example.net,2005-09-18,7577,Andrew Lights,Robertborough,Eritrea,14756,983-896-0306x202,(3QUzlaJg),Emily Crosby
5,robertking@example.org,1985-03-07,,Brittany Forge,Jacksonhaven,Argentina,50042,351.839.6937,C8s@2Paj%3,Sara Ferguson
6,cameronwilliams@example.org,1931-12-18,,Rhonda Forest,Katherinehaven,Tajikistan,33962,(755)214-3972x981,_z(VM^ST&1,Donald Buchanan
7,alexander01@example.com,1924-07-13,,Jacob Turnpike,Martinmouth,Chad,89746,921.766.8484,#@y3ULBktx,Paula Vance
8,qstanley@example.org,1982-07-31,,Kyle Gateway,Christopherview,Benin,99235,619.553.6405x259,UW^@1RSt^Z,Richard Murphy
9,haydenhernandez@example.org,1952-05-22,1894,Patricia Divide,Port Leslieside,Tajikistan,98304,001-832-646-8203x417,!n7NRvo@d(,Carolyn Davis
10,hsmith@example.com,1977-01-14,733,Simpson Neck,Lake Robert,Monaco,80623,001-743-401-8528x3444,ps7U1TcU+$,Wendy Warren
11,mortoncourtney@example.com,1920-04-05,,Tanya Ridges,South Melissabury,Thailand,50616,(362)657-2973x16986,TxR3My5x0%,Rhonda Beltran
12,travis13@example.net,1961-01-10,41019,Amy Spring,North Vincent,Montserrat,41297,(985)385-0177x54865,Tz6fMf2gW_,Christina Fox
13,zriley@example.com,1993-06-21,,Travis Summit,Lake Tammy,French Guiana,83033,7626642190,+MV0P8*r6%,Candice Davis
14,cassidy38@example.org,1941-02-25,,Adams Club,Taylorside,Saint Pierre and Miquelon,07020,(848)445-9368,e*4TkpqHuv,Lauren Perkins
15,catherinegreen@example.net,1930-12-27,27546,Darrell Ford,Carlosbury,Indonesia,42623,712.600.9030x7897,*HOF9WmfU@,Daniel Miller
16,salinasmeredith@example.com,1961-01-05,,Ellison Locks,Port Katherine,Canada,04493,3629809642,RQ)_j4Ab)8,Tracy May
17,johnmatthews@example.net,1932-09-21,,Patterson Square,West Amyside,Cook Islands,93778,+1-461-249-1421,$tPPBB)b6s,Robert Miller
18,heathbrian@example.com,1951-06-30,246,Melissa Hollow,South Maureenhaven,Moldova,27424,258-669-7127x88988,2BI)GllR+B,Brittany Rocha
19,kristen91@example.com,1946-12-03,7561,Dennis Pine,Johnstonview,Slovenia,32661,001-495-255-6479x588,T41IV$*S#h,Sarah Bauer
20,dawnthompson@example.com,1911-11-04,,Yoder Oval,Jeffreyborough,Netherlands Antilles,65200,867.558.3714,!mHrYV#o82,Kayla Mcknight
21,tara89@example.net,1947-04-26,688,Morrison Prairie,Shaunberg,Madagascar,58720,001-728-824-0690,b&uoG4VyhN,Mr. Charles Cooley
22,micheal29@example.com,1965-01-23,8464,Rogers Oval,Lake Maria,Zambia,53179,001-961-312-3230x142,J&24A$acgc,Michele Williams
23,ericamiller@example.com,1925-09-18,748,Stein Crescent,Rodriguezfurt,Nicaragua,92564,528.746.8478,za*1ARyio4,Cory Hoffman
24,patelchelsea@example.org,1965-03-09,4744,Lewis Land,Allenburgh,New Caledonia,24251,001-997-982-0858x2359,^4Zn1EeTPa,Samantha Short
25,christopherwalker@example.net,1994-01-07,,Adams Stravenue,Johnsonmouth,Guatemala,18777,642-790-5111,E$4FfQ&C!b,Denise Davis
26,ielliott@example.com,1949-11-05,48209,Gregory Forge,Hilltown,El Salvador,71126,284-672-6151x858,t*r4ooEc+2,Edward Mcdaniel
27,medinaalec@example.net,1926-11-29,,Burgess Courts,Johnsonchester,Netherlands Antilles,89531,(445)766-9701x70001,(alm4ZsTE+,Whitney Ingram
28,jensenrobert@example.com,1948-11-14,7398,Brian Spring,New Geraldfort,Uganda,45194,001-519-907-3626x31355,+7LJH(p7)!,James Shaw
29,samantha28@example.org,1943-07-08,76386,Amy Gateway,Solomonburgh,Guam,87323,518.882.2690,$0Xz^HMxQ&,Adam Moses
30,steven62@example.net,1926-12-30,,Townsend Roads,Gaychester,Micronesia,22471,001-366-737-4524x942,6GTIwwi^^2,Joe Dawson
31,garrettchris@example.net,1916-09-11,,Julie Light,Flemingshire,Nepal,17432,+1-488-713-6243x65234,*8J@lc*FKX,Jeffrey Willis
32,williamsanders@example.net,1937-09-29,8294,Jennifer Valleys,Port Anna,Panama,63681,+1-893-640-2883,_6nM@iOHgm,Sandra Lopez
33,caitlinlee@example.net,1961-03-28,,Gonzalez Lake,West Rebeccamouth,Aruba,80534,(824)370-9819,A7Sxuwq@&8,Lawrence Gibbs
34,robert80@example.net,1988-01-16,09801,Rogers Land,Lake Mitchellland,Libyan Arab Jamahiriya,83647,787-558-8025,*BPmEps##9,Angela Erickson
35,robert24@example.net,1996-02-14,3314,Williams Passage,Kristinborough,Swaziland,71760,785-254-8207,0xedNQ1s!5,Richard Ward
36,nrogers@example.net,1957-02-20,,Sara Roads,North Tinaton,Chad,33703,+1-500-531-8208,*4v^VHYpVX,Laura Harvey
37,lwilcox@example.com,1954-12-28,,Deborah Fields,Craneshire,Panama,72638,679.697.9724x84969,%0s5KTydYG,Suzanne Scott
38,torresalexis@example.com,1950-11-24,031,Wilson View,East Kimberlyport,Ireland,80118,530-828-9544x66871,$49GBfAtEe,Jessica Peterson PhD
39,mstewart@example.org,1988-04-18,,Cochran Shore,Russellport,Sao Tome and Principe,11829,+1-471-483-9465x3019,!%g0C!Rg@%,Danielle Hall
40,peterbrown@example.net,2004-03-18,0556,Allen Ferry,Port Jackbury,Christmas Island,40371,605-721-7230,2419Cfok!v,Misty Hubbard
41,michael79@example.com,2001-04-07,1637,Bartlett Rapids,East Charleschester,Turks and Caicos Islands,36797,+1-845-956-7555,AA(0LeZ++m,John Jones
42,andreamercado@example.org,1930-01-27,,Jones Ferry,Nicholston,Saint Kitts and Nevis,25622,+1-555-285-8551x2604,H$4Ks!*_Fr,Katrina Preston
43,chuffman@example.net,1978-07-08,2853,Brock Harbor,East Kathryn,Burkina Faso,27796,5275520519,@DUobU@u7#,John Dixon
44,cassie91@example.com,1954-11-13,,Rosales Greens,Lake Debbiemouth,Andorra,24123,835-844-4760x42401,if)360IlEh,Tricia Sanchez
45,christianjones@example.net,1977-11-20,,Hudson Squares,Sallyburgh,Mongolia,93330,760.968.8729x9505,$q2Ju$Ecl8,Lisa Wallace
46,williamhuerta@example.com,1925-08-27,4225,Henry Streets,Jimchester,Lao People's Democratic Republic,60529,384.828.9849x34205,XKXKn$ff&8,Cory Cantrell
47,sfreeman@example.com,1932-06-25,,White Trail,New Bruceland,Vanuatu,72601,675.875.1607,0*5QgN+dxX,Jessica Chavez
48,ann46@example.org,1961-08-11,,Moran Hollow,Dawnfurt,Germany,99197,721-972-7271x8185,_BVUNkR458,Olivia Murphy
49,coopermichael@example.net,1998-10-14,,Clark Walk,Rebeccamouth,Indonesia,92068,(520)665-9933x1956,Dl6Azm1D@C,Joshua Brandt
50,davidrichards@example.org,1967-07-26,,Melissa Rest,Brooketown,Guinea-Bissau,23327,937.497.0128,$gyWeM255k,Brian Pratt
